{
"dt": 0.0333333,
"joint_names": [
"base_x",
"base_y",
"base_z",
"base_roll",
"base_pitch",
"base_yaw",
"body_leg_0",
"body_leg_1",
"body_leg_2",
"body_leg_3",
"body_leg_4",
"body_leg_5",
"leg_0_1_2",
"leg_1_1_2",
"leg_2_1_2",
"leg_3_1_2",
"leg_4_1_2",
"leg_5_1_2",
"leg_0_2_3",
"leg_1_2_3",
"leg_2_2_3",
"leg_3_2_3",
"leg_4_2_3",
"leg_5_2_3"],
"trajectory": [
[0, 0.17, 0.157667, 0, -0, 0, 0.114439, -0.0640335, -0.114439, -0.157479, -0.0839612, 0.125134, 0.18227, 0.699864, 0.233603, 0.126114, 0.266512, 0.566041, 0.548188, 1.10068, 0.591152, 0.402763, 0.816501, 0.795342],
[0, 0.17, 0.160667, 0, -0, 0, 0.12443, -0.0972103, -0.131945, -0.148331, -0.0653638, 0.107145, 0.171012, 0.601912, 0.29205, 0.139874, 0.26709, 0.503929, 0.517749, 1.04474, 0.600213, 0.43706, 0.818807, 0.798364],
[0, 0.17, 0.163667, 0, -0, 0, 0.134172, -0.130174, -0.148687, -0.138951, -0.046721, 0.0883151, 0.159088, 0.503729, 0.345932, 0.152865, 0.267522, 0.435948, 0.486293, 0.980588, 0.601473, 0.470164, 0.820536, 0.792075],
[0, 0.17, 0.166667, 0, -0, 0, 0.14367, -0.111745, -0.164704, -0.129332, -0.0280457, 0.0989658, 0.146462, 0.409078, 0.394888, 0.165135, 0.267808, 0.335372, 0.453756, 0.920307, 0.594923, 0.502152, 0.821688, 0.701102],
[0, 0.17, 0.169667, 0, -0, 0, 0.152934, -0.0932389, -0.180035, -0.119466, -0.00935073, 0.109347, 0.133093, 0.314118, 0.438558, 0.176722, 0.267951, 0.23377, 0.420066, 0.852911, 0.580519, 0.533092, 0.822264, 0.60157],
[0, 0.17, 0.172667, 0, -0, 0, 0.161969, -0.074669, -0.194716, -0.122311, 0.00935073, 0.119466, 0.118931, 0.26682, 0.402879, 0.264528, 0.267951, 0.176722, 0.385139, 0.817726, 0.513732, 0.59965, 0.822264, 0.533092],
[0, 0.17, 0.175667, 0, -0, 0, 0.170783, -0.0560473, -0.208782, -0.139629, 0.0280457, 0.129332, 0.10392, 0.267324, 0.288886, 0.320658, 0.267808, 0.165135, 0.348873, 0.819744, 0.389951, 0.604417, 0.821688, 0.502152],
[0, 0.17, 0.178667, 0, -0, 0, 0.179382, -0.0373866, -0.211761, -0.156186, 0.046721, 0.138951, 0.087991, 0.267683, 0.196707, 0.372003, 0.267522, 0.152865, 0.311152, 0.821184, 0.308319, 0.601344, 0.820536, 0.470164],
[0, 0.17, 0.181667, 0, -0, 0, 0.187774, -0.0186998, -0.203957, -0.172024, 0.0653638, 0.148331, 0.0710648, 0.267898, 0.127253, 0.418197, 0.26709, 0.139874, 0.271833, 0.822048, 0.27441, 0.590402, 0.818807, 0.43706],
[0, 0.17, 0.184667, 0, -0, 0, 0.195963, 1.63146e-14, -0.195963, -0.187181, 0.0839612, 0.157479, 0.0530437, 0.267969, 0.0530437, 0.458879, 0.266512, 0.126114, 0.230747, 0.822336, 0.230747, 0.571526, 0.816501, 0.402763],
[0, 0.17, 0.187667, 0, -0, 0, 0.181337, 0.0186998, -0.187774, -0.201693, 0.0510265, 0.166403, 0.214558, 0.267898, 0.0710648, 0.346803, 0.405102, 0.111535, 0.415965, 0.822048, 0.271833, 0.454373, 0.924129, 0.36718],
[0, 0.17, 0.190667, 0, -0, 0, 0.166064, 0.0373866, -0.179382, -0.215594, 0.0179808, 0.175109, 0.318275, 0.267683, 0.087991, 0.22968, 0.489954, 0.0960746, 0.537678, 0.821184, 0.311152, 0.321801, 0.983009, 0.330203],
[0, 0.17, 0.193667, 0, -0, 0, 0.150108, 0.0560473, -0.170783, -0.207882, -0.0151043, 0.183603, 0.418744, 0.267324, 0.10392, 0.162565, 0.57445, 0.0796583, 0.647976, 0.819744, 0.348873, 0.292542, 1.03518, 0.291702],
[0, 0.17, 0.196667, 0, -0, 0, 0.133431, 0.074669, -0.161969, -0.199984, -0.0481564, 0.191893, 0.517458, 0.26682, 0.118931, 0.0907541, 0.658296, 0.062198, 0.748929, 0.817726, 0.385139, 0.253844, 1.08054, 0.251523],
[0, 0.17, 0.199667, 0, -0, 0, 0.115993, 0.0693532, -0.152934, -0.191893, -0.0811035, 0.189545, 0.53608, 0.362525, 0.133093, 0.062198, 0.650919, 0.159126, 0.798741, 0.891963, 0.420066, 0.251523, 1.07368, 0.346001],
[0, 0.17, 0.202667, 0, -0, 0, 0.0977508, 0.0360525, -0.14367, -0.183603, -0.113875, 0.174494, 0.470727, 0.447535, 0.146462, 0.0796583, 0.552817, 0.265657, 0.796612, 0.954315, 0.453756, 0.291702, 1.01365, 0.475498],
[0, 0.17, 0.205667, 0, -0, 0, 0.0936747, 0.00267171, -0.134172, -0.175109, -0.12097, 0.158768, 0.385736, 0.532259, 0.159088, 0.0960746, 0.456446, 0.367845, 0.747595, 1.00993, 0.486293, 0.330203, 0.951333, 0.59192],
[0, 0.17, 0.208667, 0, -0, 0, 0.10419, -0.0307151, -0.12443, -0.166403, -0.102501, 0.142328, 0.284756, 0.616497, 0.171012, 0.111535, 0.361635, 0.46755, 0.652478, 1.05877, 0.517749, 0.36718, 0.887504, 0.697978],
[0, 0.17, 0.211667, 0, -0, 0, 0.114439, -0.0640335, -0.114439, -0.157479, -0.0839612, 0.125134, 0.18227, 0.699864, 0.18227, 0.126114, 0.266512, 0.566041, 0.548188, 1.10068, 0.548188, 0.402763, 0.816501, 0.795342],
[0, 0.17, 0.214667, 0, -0, 0, 0.12443, -0.0972103, -0.131945, -0.148331, -0.0653638, 0.107145, 0.171012, 0.601912, 0.29205, 0.139874, 0.26709, 0.503929, 0.517749, 1.04474, 0.600213, 0.43706, 0.818807, 0.798364],
[0, 0.17, 0.217667, 0, -0, 0, 0.134172, -0.130174, -0.148687, -0.138951, -0.046721, 0.0883151, 0.159088, 0.503729, 0.345932, 0.152865, 0.267522, 0.435948, 0.486293, 0.980588, 0.601473, 0.470164, 0.820536, 0.792075],
[0, 0.17, 0.220667, 0, -0, 0, 0.14367, -0.111745, -0.164704, -0.129332, -0.0280457, 0.0989658, 0.146462, 0.409078, 0.394888, 0.165135, 0.267808, 0.335372, 0.453756, 0.920307, 0.594923, 0.502152, 0.821688, 0.701102],
[0, 0.17, 0.223667, 0, -0, 0, 0.152934, -0.0932389, -0.180035, -0.119466, -0.00935073, 0.109347, 0.133093, 0.314118, 0.438558, 0.176722, 0.267951, 0.23377, 0.420066, 0.852911, 0.580519, 0.533092, 0.822264, 0.60157],
[0, 0.17, 0.226667, 0, -0, 0, 0.161969, -0.074669, -0.194716, -0.122311, 0.00935073, 0.119466, 0.118931, 0.26682, 0.402879, 0.264528, 0.267951, 0.176722, 0.385139, 0.817726, 0.513732, 0.59965, 0.822264, 0.533092],
[0, 0.17, 0.229667, 0, -0, 0, 0.170783, -0.0560473, -0.208782, -0.139629, 0.0280457, 0.129332, 0.10392, 0.267324, 0.288886, 0.320658, 0.267808, 0.165135, 0.348873, 0.819744, 0.389951, 0.604417, 0.821688, 0.502152],
[0, 0.17, 0.232667, 0, -0, 0, 0.179382, -0.0373866, -0.211761, -0.156186, 0.046721, 0.138951, 0.087991, 0.267683, 0.196707, 0.372003, 0.267522, 0.152865, 0.311152, 0.821184, 0.308319, 0.601344, 0.820536, 0.470164],
[0, 0.17, 0.235667, 0, -0, 0, 0.187774, -0.0186998, -0.203957, -0.172024, 0.0653638, 0.148331, 0.0710648, 0.267898, 0.127253, 0.418197, 0.26709, 0.139874, 0.271833, 0.822048, 0.27441, 0.590402, 0.818807, 0.43706],
[0, 0.17, 0.238667, 0, -0, 0, 0.195963, 1.6207e-14, -0.195963, -0.187181, 0.0839612, 0.157479, 0.0530437, 0.267969, 0.0530437, 0.458879, 0.266512, 0.126114, 0.230747, 0.822336, 0.230747, 0.571526, 0.816501, 0.402763],
[0, 0.17, 0.241667, 0, -0, 0, 0.181337, 0.0186998, -0.187774, -0.201693, 0.0510265, 0.166403, 0.214558, 0.267898, 0.0710648, 0.346803, 0.405102, 0.111535, 0.415965, 0.822048, 0.271833, 0.454373, 0.924129, 0.36718],
[0, 0.17, 0.244667, 0, -0, 0, 0.166064, 0.0373866, -0.179382, -0.215594, 0.0179808, 0.175109, 0.318275, 0.267683, 0.087991, 0.22968, 0.489954, 0.0960746, 0.537678, 0.821184, 0.311152, 0.321801, 0.983009, 0.330203],
[0, 0.17, 0.247667, 0, -0, 0, 0.150108, 0.0560473, -0.170783, -0.207882, -0.0151043, 0.183603, 0.418744, 0.267324, 0.10392, 0.162565, 0.57445, 0.0796583, 0.647976, 0.819744, 0.348873, 0.292542, 1.03518, 0.291702],
[0, 0.17, 0.250667, 0, -0, 0, 0.133431, 0.074669, -0.161969, -0.199984, -0.0481564, 0.191893, 0.517458, 0.26682, 0.118931, 0.0907541, 0.658296, 0.062198, 0.748929, 0.817726, 0.385139, 0.253844, 1.08054, 0.251523],
[0, 0.17, 0.253667, 0, -0, 0, 0.115993, 0.0693532, -0.152934, -0.191893, -0.0811035, 0.189545, 0.53608, 0.362525, 0.133093, 0.062198, 0.650919, 0.159126, 0.798741, 0.891963, 0.420066, 0.251523, 1.07368, 0.346001],
[0, 0.17, 0.256667, 0, -0, 0, 0.0977508, 0.0360525, -0.14367, -0.183603, -0.113875, 0.174494, 0.470727, 0.447535, 0.146462, 0.0796583, 0.552817, 0.265657, 0.796612, 0.954315, 0.453756, 0.291702, 1.01365, 0.475498]]
}
